acc,bacc,f1m,f1w,rare,f1x1
0.9971551724137931,0.7457290082664721,0.697992969916391,0.9974542149808256,0.5558823529411765,0.6478871889880173
0.9961206896551724,0.7443965411106859,0.7512832348154056,0.9966071067110964,0.5535714285714286,0.7102239324461547
0.9963793103448276,0.7635640284312738,0.7268987573497367,0.9967717540492927,0.5872549019607843,0.6817023083664168
0.9970689655172413,0.7685002055219982,0.7614642918100099,0.9972953650178061,0.5955882352941176,0.7220011233464899
0.9958620689655172,0.659955775663342,0.6410904193690248,0.9963647108799875,0.40588235294117647,0.5816657774314169
