acc,bacc,f1m,f1w,rare,f1x1
0.9948275862068966,0.8881317409949698,0.7593760217384559,0.9958962456040673,0.8058823529411765,0.7197759929609965
0.9941379310344828,0.8908633719923245,0.7678468745502048,0.9953783279844671,0.8107142857142857,0.7297321494401787
0.9945689655172414,0.7960256165644936,0.6905829531700981,0.9956768155118444,0.6446078431372548,0.63955436254061
0.996551724137931,0.8160095799671041,0.787431227069779,0.9970273068607531,0.678921568627451,0.7523509307026742
0.9947413793103448,0.7115414642329455,0.6514138845846645,0.9957621761064952,0.49656862745098035,0.5938018935923924
