acc,bacc,f1m,f1w,rare,f1x1
0.9957758620689655,0.963903016928838,0.7816544988406833,0.9966395177861549,0.9382352941176471,0.7456666009593271
0.9950862068965517,0.903233624469755,0.8032315031758941,0.996026778328015,0.8321428571428572,0.7709406658962199
0.9948275862068966,0.7758400148376824,0.6881997807158096,0.9957972869545391,0.609313725490196,0.6367280725518274
0.996551724137931,0.8201955930430956,0.7845448851750171,0.9970415495558741,0.6862745098039216,0.7489835700362016
0.9947413793103448,0.6966641872280336,0.6480751621375688,0.995802125833472,0.47058823529411764,0.5899159631009574
